Sunday 08 May 2016 03:20 PM,St Kilda,North Melbourne,10.2,88.2,1.6
Sunday 08 May 2016 04:10 PM,Port Adelaide,Brisbane Lions,80.0,17.8,2.1999999999999997
Friday 13 May 2016 07:20 PM,Adelaide Crows,Geelong Cats,12.8,86.0,1.2
Saturday 14 May 2016 01:45 PM,Essendon,North Melbourne,0.4,99.4,0.2
Saturday 14 May 2016 02:10 PM,Hawthorn,Fremantle,86.4,11.799999999999999,1.7999999999999998
Saturday 14 May 2016 04:35 PM,GWS Giants,Gold Coast Suns,93.10000000000001,6.2,0.7000000000000001
Saturday 14 May 2016 07:25 PM,Brisbane Lions,Collingwood,32.4,64.4,3.2
Saturday 14 May 2016 07:25 PM,Richmond,Sydney Swans,0.2,99.8,0.0
Sunday 15 May 2016 01:10 PM,Carlton,Port Adelaide,39.800000000000004,58.5,1.7000000000000002
